[
{
    "model": "advertisements.image",
    "pk": 0,
    "fields": {
        "imagefile": "media/agriculture.png"
    }
},
{
    "model": "advertisements.image",
    "pk": 1,
    "fields": {
        "imagefile": "media/animals.png"
    }
},
{
    "model": "advertisements.image",
    "pk": 2,
    "fields": {
        "imagefile": "media/automotive.png"
    }
},
{
    "model": "advertisements.image",
    "pk": 3,
    "fields": {
        "imagefile": "media/clothes.png"
    }
},
{
    "model": "advertisements.image",
    "pk": 4,
    "fields": {
        "imagefile": "media/education.png"
    }
},
{
    "model": "advertisements.image",
    "pk": 5,
    "fields": {
        "imagefile": "media/electronics.png"
    }
},
{
    "model": "advertisements.image",
    "pk": 6,
    "fields": {
        "imagefile": "media/food.png"
    }
},
{
    "model": "advertisements.image",
    "pk": 7,
    "fields": {
        "imagefile": "media/furniture.png"
    }
},
{
    "model": "advertisements.image",
    "pk": 8,
    "fields": {
        "imagefile": "media/hobby.png"
    }
},
{
    "model": "advertisements.image",
    "pk": 9,
    "fields": {
        "imagefile": "media/home.png"
    }
},
{
    "model": "advertisements.image",
    "pk": 10,
    "fields": {
        "imagefile": "media/music.png"
    }
},
{
    "model": "advertisements.image",
    "pk": 11,
    "fields": {
        "imagefile": "media/services.png"
    }
},
{
    "model": "advertisements.image",
    "pk": 12,
    "fields": {
        "imagefile": "media/sport.png"
    }
},
{
    "model": "advertisements.image",
    "pk": 13,
    "fields": {
        "imagefile": "media/travel.png"
    }
},
{
    "model": "advertisements.image",
    "pk": 14,
    "fields": {
        "imagefile": "media/meme01.png"
    }
},
{
    "model": "advertisements.image",
    "pk": 15,
    "fields": {
        "imagefile": "media/meme02.png"
    }
},
{
    "model": "advertisements.image",
    "pk": 16,
    "fields": {
        "imagefile": "media/meme03.png"
    }
},
{
    "model": "advertisements.image",
    "pk": 17,
    "fields": {
        "imagefile": "media/meme04.png"
    }
},
{
    "model": "advertisements.image",
    "pk": 18,
    "fields": {
        "imagefile": "media/meme05.png"
    }
},
{
    "model": "advertisements.image",
    "pk": 19,
    "fields": {
        "imagefile": "media/meme06.png"
    }
},
{
    "model": "advertisements.image",
    "pk": 20,
    "fields": {
        "imagefile": "media/meme07.png"
    }
},
{
    "model": "advertisements.image",
    "pk": 21,
    "fields": {
        "imagefile": "media/meme08.png"
    }
},
{
    "model": "advertisements.image",
    "pk": 22,
    "fields": {
        "imagefile": "media/meme09.png"
    }
},
{
    "model": "advertisements.image",
    "pk": 23,
    "fields": {
        "imagefile": "media/meme10.png"
    }
},
{
    "model": "advertisements.image",
    "pk": 24,
    "fields": {
        "imagefile": "media/meme11.png"
    }
},
{
    "model": "advertisements.image",
    "pk": 25,
    "fields": {
        "imagefile": "media/meme12.png"
    }
},
{
    "model": "advertisements.category",
    "pk": 1,
    "fields": {
        "name": "Electronics",
        "image": 5
    }
},
{
    "model": "advertisements.category",
    "pk": 2,
    "fields": {
        "name": "Clothes",
        "image": 3
    }
},
{
    "model": "advertisements.category",
    "pk": 3,
    "fields": {
        "name": "Furniture",
        "image": 7
    }
},
{
    "model": "advertisements.category",
    "pk": 4,
    "fields": {
        "name": "Food",
        "image": 6
    }
},
{
    "model": "advertisements.category",
    "pk": 5,
    "fields": {
        "name": "Automotive",
        "image": 2
    }
},
{
    "model": "advertisements.category",
    "pk": 6,
    "fields": {
        "name": "Home",
        "image": 9
    }
},
{
    "model": "advertisements.category",
    "pk": 7,
    "fields": {
        "name": "Agriculture",
        "image": 0
    }
},
{
    "model": "advertisements.category",
    "pk": 8,
    "fields": {
        "name": "Animals",
        "image": 1
    }
},
{
    "model": "advertisements.category",
    "pk": 9,
    "fields": {
        "name": "Sport",
        "image": 12
    }
},
{
    "model": "advertisements.category",
    "pk": 10,
    "fields": {
        "name": "Music",
        "image": 10
    }
},
{
    "model": "advertisements.category",
    "pk": 11,
    "fields": {
        "name": "Hobby",
        "image": 8
    }
},
{
    "model": "advertisements.category",
    "pk": 12,
    "fields": {
        "name": "Education",
        "image": 4
    }
},
{
    "model": "advertisements.advert",
    "pk": 1,
    "fields": {
        "title": "Dupa",
        "post_date": "2022-11-19T13:05:40.938Z",
        "user": 1,
        "is_active": true,
        "city": "Warsaw",
        "phone": 2137,
        "picture": "",
        "category": 1,
        "description": "DUPAdupa",
        "image": 14
    }
},
{
    "model": "advertisements.advert",
    "pk": 2,
    "fields": {
        "title": "krzesło",
        "post_date": "2022-11-19T13:25:52.794Z",
        "user": 2,
        "is_active": true,
        "city": "Warsaw",
        "phone": 213,
        "picture": "",
        "category": 3,
        "description": "gdsvgvds",
        "image": 15
    }
},
{
    "model": "advertisements.advert",
    "pk": 3,
    "fields": {
        "title": "kurtka",
        "post_date": "2022-11-19T13:27:25.821Z",
        "user": 4,
        "is_active": true,
        "city": "Warsaw",
        "phone": 321,
        "picture": "",
        "category": 2,
        "description": "sdfbdg",
        "image": 16
    }
},
{
    "model": "advertisements.advert",
    "pk": 4,
    "fields": {
        "title": "buty",
        "post_date": "2022-11-19T13:27:48.961Z",
        "user": 2,
        "is_active": true,
        "city": "Warsaw",
        "phone": 213,
        "picture": "",
        "category": 2,
        "description": "dfsdfgbdfbdfb",
        "image": 17
    }
},
{
    "model": "advertisements.advert",
    "pk": 5,
    "fields": {
        "title": "komputer",
        "post_date": "2022-11-19T13:28:14.315Z",
        "user": 3,
        "is_active": true,
        "city": "Warsaw",
        "phone": 21,
        "picture": "",
        "category": 1,
        "description": "fscsdvc",
        "image": 18
    }
},
{
    "model": "advertisements.advert",
    "pk": 6,
    "fields": {
        "title": "telewizor",
        "post_date": "2022-11-19T13:28:30.573Z",
        "user": 4,
        "is_active": true,
        "city": "Warsaw",
        "phone": 21,
        "picture": "",
        "category": 1,
        "description": "dsvcxzx",
        "image": 19
    }
},
{
    "model": "advertisements.advert",
    "pk": 7,
    "fields": {
        "title": "Old Generation TV",
        "post_date": "2022-11-19T15:40:30.573Z",
        "user": 4,
        "is_active": true,
        "city": "Lublin",
        "phone": 224444444,
        "picture": "",
        "category": 1,
        "description": "Lorem ipsum dolor sit amet, consectetur adipiscing elit. Ut tincidunt lobortis diam sit amet congue. Vivamus sed dolor porta est blandit tristique nec eu purus. Maecenas et tristique nisi, quis pharetra magna. Fusce tristique ante ligula, vel interdum quam dapibus in. Proin mi risus, aliquet eget interdum vel, lobortis a erat. Aliquam ornare ante eget feugiat tristique. Pellentesque posuere tempor nunc, quis consectetur justo fermentum eget. Proin at suscipit purus. Aliquam molestie cursus tempor. Duis sodales nulla a augue sodales, vitae imperdiet libero pulvinar. Suspendisse eget leo ex. Mauris ut lacinia tortor.",
        "image": 20
    }
},
{
    "model": "advertisements.advert",
    "pk": 8,
    "fields": {
        "title": "Used clothes",
        "post_date": "2022-11-19T15:40:30.573Z",
        "user": 3,
        "is_active": true,
        "city": "Warsaw",
        "phone": 504320667,
        "picture": "",
        "category": 2,
        "description": "Lorem ipsum dolor sit amet, consectetur adipiscing elit. Ut tincidunt lobortis diam sit amet congue. Vivamus sed dolor porta est blandit tristique nec eu purus. Maecenas et tristique nisi, quis pharetra magna. Fusce tristique ante ligula, vel interdum quam dapibus in. Proin mi risus, aliquet eget interdum vel, lobortis a erat. Aliquam ornare ante eget feugiat tristique. Pellentesque posuere tempor nunc, quis consectetur justo fermentum eget. Proin at suscipit purus. Aliquam molestie cursus tempor. Duis sodales nulla a augue sodales, vitae imperdiet libero pulvinar. Suspendisse eget leo ex. Mauris ut lacinia tortor.",
        "image": 21
    }
},
{
    "model": "advertisements.advert",
    "pk": 9,
    "fields": {
        "title": "Old Beco fridge",
        "post_date": "2022-11-19T18:57:20.840Z",
        "user": 1,
        "is_active": true,
        "city": "Krakow",
        "phone": 456090891,
        "picture": "",
        "category": 1,
        "description": "Lorem ipsum dolor sit amet, consectetur adipiscing elit. Ut tincidunt lobortis diam sit amet congue. Vivamus sed dolor porta est blandit tristique nec eu purus. Maecenas et tristique nisi, quis pharetra magna. Fusce tristique ante ligula, vel interdum quam dapibus in. Proin mi risus, aliquet eget interdum vel, lobortis a erat. Aliquam ornare ante eget feugiat tristique. Pellentesque posuere tempor nunc, quis consectetur justo fermentum eget. Proin at suscipit purus. Aliquam molestie cursus tempor. Duis sodales nulla a augue sodales, vitae imperdiet libero pulvinar. Suspendisse eget leo ex. Mauris ut lacinia tortor.",
        "image": 22
    }
},
{
    "model": "advertisements.advert",
    "pk": 10,
    "fields": {
        "title": "Childer clothes to take",
        "post_date": "2022-11-19T18:59:07.324Z",
        "user": 1,
        "is_active": true,
        "city": "Szczecin",
        "phone": 334775923,
        "picture": "",
        "category": 2,
        "description": "Sed tempor porttitor semper. Aliquam vel ipsum risus. Vivamus vehicula tortor vel auctor ultricies. Nullam eget viverra sem. Nunc vestibulum augue in felis rhoncus, sit amet molestie ex egestas. Nullam rutrum ante velit, non fringilla velit dapibus sit amet. Sed finibus elit quis felis luctus, ut laoreet nisl cursus. Nulla ut massa sed odio porta vulputate. Phasellus molestie tempus nulla sed consequat. Suspendisse ac nisi nec nisi ullamcorper convallis ut sit amet neque. Fusce tempor vitae urna vel semper. Ut eget felis eu orci venenatis viverra",
        "image": 23
    }
},
{
    "model": "advertisements.advert",
    "pk": 11,
    "fields": {
        "title": "Sport equipment from closed sports hal",
        "post_date": "2022-11-19T19:00:59.875Z",
        "user": 1,
        "is_active": true,
        "city": "Bogatynia",
        "phone": 334677890,
        "picture": "",
        "category": 9,
        "description": "Vivamus eu quam et sapien fermentum imperdiet non vel nunc. Integer feugiat viverra lorem in maximus. In luctus, odio sit amet porttitor eleifend, leo augue tempus odio, et sollicitudin ex enim in eros. Vivamus et euismod odio, vitae fermentum lacus. Aliquam ultricies a tellus et consectetur. Morbi vitae sem arcu. Fusce nec viverra sapien.",
        "image": 24
    }
},
{
    "model": "advertisements.advert",
    "pk": 12,
    "fields": {
        "title": "Not sole dishes to take",
        "post_date": "2022-11-19T19:07:32.205Z",
        "user": 1,
        "is_active": true,
        "city": "Wroclaw",
        "phone": 446788344,
        "picture": "",
        "category": 4,
        "description": "Curabitur ornare felis id neque porttitor tempus. Sed porttitor orci vitae arcu tempor dignissim. Integer porttitor magna nec eleifend tempus. Cras sit amet est non tellus bibendum congue. Aenean sed est pellentesque, volutpat felis et, sollicitudin turpis. Aenean at tortor at sapien commodo suscipit",
        "image": 25
    }
}
]
